{
    "Logistic Regression": {
        "accuracy": 0.794180269694819,
        "precision": 0.6372549019607843,
        "recall": 0.5213903743315508,
        "f1_score": 0.5735294117647058,
        "confusion_matrix": [
            [
                924,
                111
            ],
            [
                179,
                195
            ]
        ],
        "classification_report": "              precision    recall  f1-score   support\n\n           0       0.84      0.89      0.86      1035\n           1       0.64      0.52      0.57       374\n\n    accuracy                           0.79      1409\n   macro avg       0.74      0.71      0.72      1409\nweighted avg       0.78      0.79      0.79      1409\n"
    },
    "Decision Tree": {
        "accuracy": 0.7217885024840313,
        "precision": 0.47554347826086957,
        "recall": 0.4679144385026738,
        "f1_score": 0.4716981132075472,
        "confusion_matrix": [
            [
                842,
                193
            ],
            [
                199,
                175
            ]
        ],
        "classification_report": "              precision    recall  f1-score   support\n\n           0       0.81      0.81      0.81      1035\n           1       0.48      0.47      0.47       374\n\n    accuracy                           0.72      1409\n   macro avg       0.64      0.64      0.64      1409\nweighted avg       0.72      0.72      0.72      1409\n"
    },
    "Random Forest": {
        "accuracy": 0.7885024840312278,
        "precision": 0.6366906474820144,
        "recall": 0.4732620320855615,
        "f1_score": 0.5429447852760736,
        "confusion_matrix": [
            [
                934,
                101
            ],
            [
                197,
                177
            ]
        ],
        "classification_report": "              precision    recall  f1-score   support\n\n           0       0.83      0.90      0.86      1035\n           1       0.64      0.47      0.54       374\n\n    accuracy                           0.79      1409\n   macro avg       0.73      0.69      0.70      1409\nweighted avg       0.78      0.79      0.78      1409\n"
    },
    "KNN": {
        "accuracy": 0.7501774308019872,
        "precision": 0.5319767441860465,
        "recall": 0.4893048128342246,
        "f1_score": 0.5097493036211699,
        "confusion_matrix": [
            [
                874,
                161
            ],
            [
                191,
                183
            ]
        ],
        "classification_report": "              precision    recall  f1-score   support\n\n           0       0.82      0.84      0.83      1035\n           1       0.53      0.49      0.51       374\n\n    accuracy                           0.75      1409\n   macro avg       0.68      0.67      0.67      1409\nweighted avg       0.74      0.75      0.75      1409\n"
    },
    "SVM": {
        "accuracy": 0.794180269694819,
        "precision": 0.65,
        "recall": 0.48663101604278075,
        "f1_score": 0.5565749235474006,
        "confusion_matrix": [
            [
                937,
                98
            ],
            [
                192,
                182
            ]
        ],
        "classification_report": "              precision    recall  f1-score   support\n\n           0       0.83      0.91      0.87      1035\n           1       0.65      0.49      0.56       374\n\n    accuracy                           0.79      1409\n   macro avg       0.74      0.70      0.71      1409\nweighted avg       0.78      0.79      0.78      1409\n"
    }
}